#"Step","Time (ps)","Potential Energy (kJ/mole)","Total Energy (kJ/mole)","Temperature (K)"
1000,2.0000000000000013,-912.6480712890625,-637.820742983371,278.9378059529617
2000,3.999999999999781,-899.5771484375,-616.7182219401002,287.0895294067479
3000,5.999999999999561,-864.9732055664062,-577.5215067863464,291.75099386759575
4000,7.999999999999341,-884.4071655273438,-564.3147222995758,324.87993230703574
5000,10.000000000000009,-875.9768676757812,-569.2458558678627,311.31865953397954
